ilhttps://neocities.org/dashboard|neocities.org
https://tinyurl.com/app|TinyURL
https://dash.infinityfree.com/accounts|infinityfree.com
https://mega.nz/login|mega.nz
https://dashboard.ngrok.com/login|ngrok.com
https://ai2.appinventor.mit.edu/|appinventor.mit.edu
https://designer.microsoft.com/|designer.microsoft.com
https://play.pixels.xyz/|pixels.xyz
https://github.com/|github.com
https://chat.deepseek.com/|DeepSeek
https://chatgpt.com/|Chat GPT
https://visaolibertaria.com/|Vis√£o libertaria
https://sourceforge.net/|Sourceforge
https://registro.br/|Registro BR
https://archive.org/|Archive.org
https://moneroocean.stream/|moneroocean.stream
https://hiveon.net/|HIVE OS
https://accounts.binance.com/|Binace
https://duinocoin.com/|Duinocoin
https://discord.com/|Discord
https://mail.tutanota.com/|Tutamail
https://www.anhanguera.com/|Anhaguera
https://mail.zoho.com/|Zoho
https://account.proton.me/pt-br/mail|Proton Mail
https://mail.google.com/mail/|gmail
https://www.canva.com/|Canva
/office/Office
 | 
